{
  "classification": [
    {
      "model": "LogisticRegression(L2)",
      "acc_mean": 0.7136030208433903,
      "acc_std": 0.013946038803244123,
      "f1_mean": 0.6480960952025281,
      "f1_std": 0.014743709100187512,
      "roc_mean": 0.7765788580595936,
      "roc_std": 0.016282948627331144,
      "prauc_mean": 0.6689565941182786,
      "prauc_std": 0.04194593919807406
    },
    {
      "model": "RandomForest",
      "acc_mean": 0.6910325148306675,
      "acc_std": 0.016272894279282604,
      "f1_mean": 0.5488195038883894,
      "f1_std": 0.02036758563993624,
      "roc_mean": 0.7408753713043967,
      "roc_std": 0.014362953670284158,
      "prauc_mean": 0.6482355516812872,
      "prauc_std": 0.03507809353744707
    },
    {
      "model": "Dummy(stratified)",
      "acc_mean": 0.5210176037073988,
      "acc_std": 0.013310438724670056,
      "f1_mean": 0.37907581684056935,
      "f1_std": 0.030592670843277676,
      "roc_mean": 0.49476390647391855,
      "roc_std": 0.018313287048279298,
      "prauc_mean": 0.39004053911215364,
      "prauc_std": 0.029806825875960348
    },
    {
      "model": "Dummy(most_frequent)",
      "acc_mean": 0.608199401409584,
      "acc_std": 0.022351511870876525,
      "f1_mean": 0.0,
      "f1_std": 0.0,
      "roc_mean": 0.5,
      "roc_std": 0.0,
      "prauc_mean": 0.3918005985904161,
      "prauc_std": 0.022351511870876535
    }
  ]
}