model,f1,roc_auc
LightGBM,0.7901134936275537,0.9026363811939684
XGBoost,0.7876978827354562,0.9029503168840931
RandomForest,0.6932910088508706,0.8805997276842925
