{
    "timestamp": "20251008_175255",
    "mean_f1_shuffled": 0.4268773451458309,
    "std_f1_shuffled": 0.043092314543638224
}