{
    "timestamp": "20251008_174955",
    "feature": "transfer_fee",
    "threshold": 65000000.0,
    "samples_before": 4829,
    "samples_after": 4661,
    "metrics_full": {
        "Accuracy": 0.6620418306067509,
        "Precision": 0.5665301944728761,
        "Recall": 0.5850951374207188,
        "F1": 0.5756630265210608,
        "ROC_AUC": 0.7072354900406781,
        "PR_AUC": 0.5870430949884831
    },
    "metrics_reduced": {
        "Accuracy": 0.6687406136022312,
        "Precision": 0.5765164162493044,
        "Recall": 0.5695437053326003,
        "F1": 0.5730088495575221,
        "ROC_AUC": 0.7031540943802593,
        "PR_AUC": 0.5828784453655406
    }
}