{
    "GB1": {
        "F1": 1.0,
        "ROC_AUC": 1.0
    },
    "IT1": {
        "F1": 0.994535519125683,
        "ROC_AUC": 0.9989452988066025
    },
    "ES1": {
        "F1": 0.9885057471264368,
        "ROC_AUC": 0.9995337995337995
    },
    "FR1": {
        "F1": 0.9894736842105263,
        "ROC_AUC": 0.9998174809450107
    },
    "TR1": {
        "F1": 1.0,
        "ROC_AUC": 1.0
    },
    "L1": {
        "F1": 0.9980119284294234,
        "ROC_AUC": 1.0
    },
    "NL1": {
        "F1": 1.0,
        "ROC_AUC": 1.0
    },
    "RU1": {
        "F1": 1.0,
        "ROC_AUC": 1.0
    },
    "BE1": {
        "F1": 1.0,
        "ROC_AUC": 0.9999999999999999
    },
    "PO1": {
        "F1": 1.0,
        "ROC_AUC": 1.0
    },
    "DK1": {
        "F1": 1.0,
        "ROC_AUC": 1.0
    },
    "SC1": {
        "F1": 1.0,
        "ROC_AUC": 1.0
    },
    "UKR1": {
        "F1": 1.0,
        "ROC_AUC": 1.0
    }
}