{
    "timestamp": "20251008_175311",
    "splitter": "player_group_split",
    "group_column": "from_league",
    "outlier_metrics": {
        "before": {
            "Accuracy": 0.6620418306067509,
            "Precision": 0.5665301944728761,
            "Recall": 0.5850951374207188,
            "F1": 0.5756630265210608,
            "ROC_AUC": 0.7072354900406781,
            "PR_AUC": 0.5870430949884831
        },
        "after": {
            "Accuracy": 0.6687406136022312,
            "Precision": 0.5765164162493044,
            "Recall": 0.5695437053326003,
            "F1": 0.5730088495575221,
            "ROC_AUC": 0.7031540943802593,
            "PR_AUC": 0.5828784453655406
        }
    },
    "shift_metrics": {
        "GB1": {
            "F1": 1.0,
            "ROC_AUC": 1.0
        },
        "IT1": {
            "F1": 0.994535519125683,
            "ROC_AUC": 0.9989452988066025
        },
        "ES1": {
            "F1": 0.9885057471264368,
            "ROC_AUC": 0.9995337995337995
        },
        "FR1": {
            "F1": 0.9894736842105263,
            "ROC_AUC": 0.9998174809450107
        },
        "TR1": {
            "F1": 1.0,
            "ROC_AUC": 1.0
        },
        "L1": {
            "F1": 0.9980119284294234,
            "ROC_AUC": 1.0
        },
        "NL1": {
            "F1": 1.0,
            "ROC_AUC": 1.0
        },
        "RU1": {
            "F1": 1.0,
            "ROC_AUC": 1.0
        },
        "BE1": {
            "F1": 1.0,
            "ROC_AUC": 0.9999999999999999
        },
        "PO1": {
            "F1": 1.0,
            "ROC_AUC": 1.0
        },
        "DK1": {
            "F1": 1.0,
            "ROC_AUC": 1.0
        },
        "SC1": {
            "F1": 1.0,
            "ROC_AUC": 1.0
        },
        "UKR1": {
            "F1": 1.0,
            "ROC_AUC": 1.0
        }
    },
    "leakage_metrics": {
        "timestamp": "20251008_175255",
        "mean_f1_shuffled": 0.4268773451458309,
        "std_f1_shuffled": 0.043092314543638224
    }
}